City_ID,City,Country,Date,Lat,Lng,Max Temp,Humidity,Cloudiness,Wind Speed
0,Cape Town,ZA,2021-10-01 00:27:41,-33.9258,18.4232,59.41,74,0,10.36
1,Acarau,BR,2021-10-01 00:30:50,-2.8856,-40.12,78.71,85,64,9.86
2,Port Macquarie,AU,2021-10-01 00:30:51,-31.4333,152.9167,75.88,55,63,7.7
3,Bluff,NZ,2021-10-01 00:30:51,-46.6,168.3333,53.8,76,63,22.46
4,Svetlogorsk,BY,2021-10-01 00:30:51,52.6333,29.7333,39.25,83,67,6.29
5,Butaritari,KI,2021-10-01 00:27:37,3.0707,172.7902,81.28,78,83,11.86
6,Punta Arenas,CL,2021-10-01 00:28:06,-53.15,-70.9167,41.11,65,0,17.27
7,Necochea,AR,2021-10-01 00:30:11,-38.5473,-58.7368,50.04,91,0,9.42
8,Rikitea,PF,2021-10-01 00:30:53,-23.1203,-134.9692,73.31,73,10,16.51
9,Grand Gaube,MU,2021-10-01 00:30:53,-20.0064,57.6608,72.37,74,95,8.01
10,Yellowknife,CA,2021-10-01 00:26:50,62.456,-114.3525,48.42,100,90,5.01
11,Busselton,AU,2021-10-01 00:30:54,-33.65,115.3333,62.1,83,100,11.52
12,Darbhanga,IN,2021-10-01 00:30:54,26.1667,85.9,75.83,90,100,6.17
13,Hilo,US,2021-10-01 00:30:15,19.7297,-155.09,82.27,92,90,3.44
14,Port Hedland,AU,2021-10-01 00:31:03,-20.3167,118.5667,78.85,73,5,12.66
15,Srednekolymsk,RU,2021-10-01 00:31:07,67.45,153.6833,28.38,57,0,10.98
16,Arraial Do Cabo,BR,2021-10-01 00:30:10,-22.9661,-42.0278,69.53,87,100,8.57
17,Klyuchi,RU,2021-10-01 00:31:09,52.2667,79.1667,38.84,85,97,10.0
18,New Norfolk,AU,2021-10-01 00:31:10,-42.7826,147.0587,59.76,72,100,1.01
19,Atuona,PF,2021-10-01 00:31:10,-9.8,-139.0333,78.04,71,0,16.75
20,Acapulco,MX,2021-10-01 00:28:20,16.8634,-99.8901,84.02,79,75,2.3
21,Paris,FR,2021-10-01 00:29:03,48.8534,2.3488,55.11,70,0,1.01
22,Miyako,JP,2021-10-01 00:31:26,39.6367,141.9525,66.65,95,100,9.08
23,Provideniya,RU,2021-10-01 00:31:27,64.3833,-173.3,35.71,55,75,15.66
24,Dicabisagan,PH,2021-10-01 00:31:29,17.0818,122.4157,85.1,70,100,0.83
25,Christchurch,NZ,2021-10-01 00:28:16,-43.5333,172.6333,61.0,47,0,7.0
26,Nosy Varika,MG,2021-10-01 00:31:37,-20.5833,48.5333,66.56,91,9,5.19
27,Esperance,AU,2021-10-01 00:30:09,-33.8667,121.9,58.84,55,100,9.42
28,Barrow,US,2021-10-01 00:31:39,71.2906,-156.7887,30.22,74,75,10.36
29,Jamestown,US,2021-10-01 00:31:43,42.097,-79.2353,50.02,88,1,4.61
30,Yumen,CN,2021-10-01 00:31:44,40.2833,97.2,57.61,29,6,7.78
31,Hamilton,US,2021-10-01 00:31:47,39.1834,-84.5333,70.05,74,1,0.0
32,Victoria,HK,2021-10-01 00:29:13,22.2855,114.1577,89.26,84,9,1.01
33,Severo-Kurilsk,RU,2021-10-01 00:31:48,50.6789,156.125,48.51,96,100,21.85
34,Kiama,AU,2021-10-01 00:31:49,-34.6833,150.8667,67.48,75,99,5.99
35,Castro,BR,2021-10-01 00:31:50,-24.7911,-50.0119,58.51,91,0,7.9
36,Kavieng,PG,2021-10-01 00:32:01,-2.5744,150.7967,84.56,73,91,14.7
37,Chara,RU,2021-10-01 00:32:05,56.9064,118.2631,30.33,60,54,1.1
38,Bathsheba,BB,2021-10-01 00:32:07,13.2167,-59.5167,83.01,78,75,14.97
39,Port Elizabeth,ZA,2021-10-01 00:27:37,-33.918,25.5701,62.89,94,90,8.05
40,Krutinka,RU,2021-10-01 00:30:12,56.0055,71.5113,35.82,73,100,10.67
41,Torbay,CA,2021-10-01 00:32:09,47.6666,-52.7314,60.76,99,90,0.0
42,Weilheim,DE,2021-10-01 00:32:09,47.8333,11.15,45.28,95,84,3.04
43,Carnarvon,AU,2021-10-01 00:32:16,-24.8667,113.6333,75.27,73,75,12.66
44,Heze,CN,2021-10-01 00:32:23,35.2431,115.4411,72.79,80,2,5.7
45,Polovinnoye,RU,2021-10-01 00:32:24,54.7914,65.9864,33.57,80,100,11.1
46,Claremorris,IE,2021-10-01 00:32:25,53.7167,-9.0,53.35,91,56,17.87
47,Ushuaia,AR,2021-10-01 00:32:26,-54.8,-68.3,42.46,56,20,18.41
48,Norman Wells,CA,2021-10-01 00:32:26,65.282,-126.8329,39.24,75,75,6.91
49,Alto Araguaia,BR,2021-10-01 00:32:26,-17.3147,-53.2153,83.14,39,84,2.1
50,Cairns,AU,2021-10-01 00:29:03,-16.9167,145.7667,89.06,63,40,4.61
51,Kariba,ZW,2021-10-01 00:32:27,-16.5167,28.8,74.46,47,0,6.06
52,Dharchula,IN,2021-10-01 00:32:27,29.85,80.5333,67.93,93,40,1.83
53,Yulara,AU,2021-10-01 00:32:28,-25.2406,130.9889,75.04,20,0,12.66
54,Victor Harbor,AU,2021-10-01 00:32:28,-35.5667,138.6167,60.73,95,92,1.99
55,Tapes,BR,2021-10-01 00:32:28,-30.6733,-51.3958,62.58,96,100,13.91
56,Mar Del Plata,AR,2021-10-01 00:32:29,-38.0023,-57.5575,57.87,63,0,4.0
57,Tuatapere,NZ,2021-10-01 00:27:46,-46.1333,167.6833,53.82,67,74,9.22
58,Gamba,GA,2021-10-01 00:32:29,-2.65,10.0,75.4,85,100,6.06
59,Lebu,CL,2021-10-01 00:32:29,-37.6167,-73.65,50.16,85,100,5.95
60,Elk City,US,2021-10-01 00:28:14,35.412,-99.4043,68.49,68,90,9.22
61,Ponta Delgada,PT,2021-10-01 00:32:30,37.7333,-25.6667,71.51,88,20,3.44
62,Salt,JO,2021-10-01 00:32:30,32.0392,35.7272,63.68,61,0,1.23
63,Sitka,US,2021-10-01 00:30:01,57.0531,-135.33,51.69,82,90,14.97
64,Faanui,PF,2021-10-01 00:29:45,-16.4833,-151.75,79.23,72,2,17.52
65,Sandwick,GB,2021-10-01 00:32:31,60.0,-1.25,51.62,93,75,4.61
66,Primorsko-Akhtarsk,RU,2021-10-01 00:32:31,46.0497,38.1747,49.14,52,0,21.05
67,Mataura,NZ,2021-10-01 00:32:32,-46.1927,168.8643,53.47,72,100,7.14
68,Senanga,ZM,2021-10-01 00:32:32,-16.1167,23.2667,74.86,29,68,7.18
69,East London,ZA,2021-10-01 00:32:32,-33.0153,27.9116,62.04,90,2,7.47
70,Khatanga,RU,2021-10-01 00:32:33,71.9667,102.5,28.58,97,99,6.58
71,Hermanus,ZA,2021-10-01 00:32:33,-34.4187,19.2345,57.9,87,97,8.43
72,Fortuna,US,2021-10-01 00:32:33,40.5982,-124.1573,76.19,67,90,5.01
73,Narsaq,GL,2021-10-01 00:32:34,60.9167,-46.05,46.62,48,0,5.3
74,Dukat,RU,2021-10-01 00:32:34,62.55,155.55,24.21,85,100,6.89
75,Nanortalik,GL,2021-10-01 00:32:34,60.1432,-45.2371,37.69,65,0,7.76
76,Hobart,AU,2021-10-01 00:31:53,-42.8794,147.3294,60.12,98,90,1.99
77,Kapaa,US,2021-10-01 00:32:35,22.0752,-159.319,84.18,66,20,4.0
78,Richards Bay,ZA,2021-10-01 00:32:35,-28.783,32.0377,66.47,86,100,14.9
79,Urengoy,RU,2021-10-01 00:32:35,65.9667,78.3667,31.41,96,98,14.09
80,Nuuk,GL,2021-10-01 00:32:36,64.1835,-51.7216,32.61,69,81,10.36
81,Cherskiy,RU,2021-10-01 00:32:36,68.75,161.3,21.04,90,22,7.27
82,Shimoda,JP,2021-10-01 00:32:37,34.6667,138.95,71.71,92,100,33.84
83,Chuy,UY,2021-10-01 00:32:37,-33.6971,-53.4616,59.43,93,100,14.27
84,Corinto,GR,2021-10-01 00:32:37,37.9407,22.9573,69.42,56,99,1.01
85,Uruguaiana,BR,2021-10-01 00:32:38,-29.7547,-57.0883,69.73,100,90,5.75
86,Lydenburg,ZA,2021-10-01 00:32:38,-25.0978,30.4597,52.27,96,100,1.12
87,Airai,TL,2021-10-01 00:32:38,-8.9266,125.4092,79.41,26,44,3.0
88,Mogwase,ZA,2021-10-01 00:32:39,-25.185,27.2665,64.17,67,100,4.54
89,Plouzane,FR,2021-10-01 00:32:39,48.3833,-4.6167,60.98,94,90,19.57
90,Chokurdakh,RU,2021-10-01 00:32:39,70.6333,147.9167,18.45,88,24,9.28
91,Kodiak,US,2021-10-01 00:29:18,57.79,-152.4072,47.71,43,40,10.36
92,Coquimbo,CL,2021-10-01 00:32:40,-29.9533,-71.3436,56.93,82,0,10.36
93,Katsuura,JP,2021-10-01 00:32:40,35.1333,140.3,70.11,96,100,36.64
94,Burns Lake,CA,2021-10-01 00:32:40,54.2331,-125.7533,51.22,62,24,11.59
95,Tuktoyaktuk,CA,2021-10-01 00:27:41,69.4541,-133.0374,32.0,69,40,0.0
96,Kaeo,NZ,2021-10-01 00:32:41,-35.1,173.7833,65.32,60,0,4.94
97,Kaitangata,NZ,2021-10-01 00:32:41,-46.2817,169.8464,55.92,54,68,12.28
98,Hithadhoo,MV,2021-10-01 00:28:02,-0.6,73.0833,81.21,74,77,2.62
99,Fort-Shevchenko,KZ,2021-10-01 00:32:42,44.5086,50.263,54.77,45,99,10.96
100,Saldanha,ZA,2021-10-01 00:32:42,-33.0117,17.9442,55.45,90,0,11.12
101,Panjab,AF,2021-10-01 00:32:42,34.388,67.0233,48.47,45,3,3.67
102,Pacho,CO,2021-10-01 00:32:43,5.1328,-74.1598,63.97,95,75,3.6
103,San Patricio,US,2021-10-01 00:32:43,28.017,-97.5169,81.84,74,90,12.93
104,Ranong,TH,2021-10-01 00:32:43,9.9658,98.6348,75.13,83,25,0.65
105,Ha Tinh,VN,2021-10-01 00:32:44,18.3333,105.9,81.32,79,20,2.08
106,Luanda,AO,2021-10-01 00:27:52,-8.8368,13.2343,72.86,84,100,7.25
107,Nikolskoye,RU,2021-10-01 00:32:44,59.7035,30.7861,42.69,96,51,4.76
108,Komsomolskiy,UZ,2021-10-01 00:32:45,40.4272,71.7189,63.32,51,54,6.91
109,Codrington,AU,2021-10-01 00:32:45,-38.2667,141.9667,57.9,95,86,19.17
110,Harper,LR,2021-10-01 00:32:45,4.375,-7.7169,76.82,88,94,4.83
111,Hearst,CA,2021-10-01 00:32:46,49.6835,-83.6665,52.05,79,100,5.35
112,Saint-Philippe,RE,2021-10-01 00:30:39,-21.3585,55.7679,71.15,80,51,11.79
113,Kavaratti,IN,2021-10-01 00:32:46,10.5669,72.642,81.72,79,100,13.22
114,Vestmannaeyjar,IS,2021-10-01 00:32:46,63.4427,-20.2734,43.63,73,100,22.68
115,Vaini,TO,2021-10-01 00:28:10,-21.2,-175.2,77.16,83,75,9.22
116,Albany,US,2021-10-01 00:32:47,42.6001,-73.9662,51.8,92,100,5.46
117,Grindavik,IS,2021-10-01 00:32:47,63.8424,-22.4338,44.55,75,75,21.85
118,Saint-Joseph,RE,2021-10-01 00:32:48,-21.3667,55.6167,70.16,78,43,10.02
119,Qaanaaq,GL,2021-10-01 00:32:48,77.484,-69.3632,27.52,95,100,14.38
120,Puerto Ayora,EC,2021-10-01 00:32:48,-0.7393,-90.3518,70.16,91,54,6.73
121,Georgetown,MY,2021-10-01 00:31:52,5.4112,100.3354,81.9,87,20,3.0
122,Ada,US,2021-10-01 00:29:37,43.4166,-116.1262,71.42,20,1,1.01
123,Itaituba,BR,2021-10-01 00:32:49,-4.2761,-55.9836,76.35,83,18,0.76
124,Chumikan,RU,2021-10-01 00:32:49,54.7183,135.315,47.39,62,21,21.94
125,Laguna,US,2021-10-01 00:32:50,38.421,-121.4238,89.89,19,1,1.01
126,Cochrane,CA,2021-10-01 00:32:50,51.1834,-114.4687,70.84,34,1,25.32
127,Maceio,BR,2021-10-01 00:32:51,-9.6658,-35.7353,78.24,94,75,5.75
128,Bengkulu,ID,2021-10-01 00:32:39,-3.8004,102.2655,76.41,84,100,4.32
129,Bushehr,IR,2021-10-01 00:32:51,28.9684,50.8385,86.9,60,0,6.2
130,Ribeira Grande,PT,2021-10-01 00:32:52,38.5167,-28.7,71.6,83,16,2.24
131,Linxia,CN,2021-10-01 00:32:52,35.6003,103.2064,59.36,44,0,1.95
132,Faya,SA,2021-10-01 00:32:52,18.3851,42.4509,61.32,34,37,1.63
133,Natal,BR,2021-10-01 00:32:53,-5.795,-35.2094,79.02,89,20,6.91
134,Mushie,CD,2021-10-01 00:32:53,-3.0167,16.9,70.47,96,100,1.45
135,Brigantine,US,2021-10-01 00:32:54,39.4101,-74.3646,65.01,73,90,0.0
136,Westport,US,2021-10-01 00:32:31,41.1415,-73.3579,61.99,82,20,4.0
137,Hagi,JP,2021-10-01 00:32:54,34.4,131.4167,78.4,74,63,13.22
138,Souillac,MU,2021-10-01 00:32:55,-20.5167,57.5167,72.36,78,40,12.66
139,Bartica,GY,2021-10-01 00:32:55,6.4,-58.6167,79.12,93,27,3.44
140,Bredasdorp,ZA,2021-10-01 00:32:55,-34.5322,20.0403,58.32,94,100,1.14
141,Constitucion,CL,2021-10-01 00:32:56,-35.3333,-72.4167,48.45,78,6,9.69
142,Boende,CD,2021-10-01 00:32:56,-0.2167,20.8667,67.5,99,100,1.39
143,Halifax,CA,2021-10-01 00:32:28,44.6453,-63.5724,57.25,87,96,8.99
144,Geraldton,AU,2021-10-01 00:28:11,-28.7667,114.6,66.61,94,90,10.36
145,Ilulissat,GL,2021-10-01 00:32:57,69.2167,-51.1,28.42,59,75,3.44
146,Goure,NE,2021-10-01 00:28:48,13.9835,10.2704,86.81,17,91,6.38
147,Vanimo,PG,2021-10-01 00:32:58,-2.6741,141.3028,82.4,78,100,1.52
148,Izhma,RU,2021-10-01 00:32:58,65.0083,53.9113,34.23,81,97,3.0
149,Tierralta,CO,2021-10-01 00:32:59,8.1736,-76.0592,75.27,94,100,4.18
150,Cabo San Lucas,MX,2021-10-01 00:28:08,22.8909,-109.9124,88.9,61,1,9.22
151,Bambous Virieux,MU,2021-10-01 00:32:59,-20.3428,57.7575,72.21,78,40,12.66
152,Tasiilaq,GL,2021-10-01 00:33:00,65.6145,-37.6368,35.76,87,8,5.01
153,Luganville,VU,2021-10-01 00:33:00,-15.5333,167.1667,80.06,85,83,15.28
154,Sao Filipe,CV,2021-10-01 00:29:49,14.8961,-24.4956,79.56,77,90,5.99
155,Bethel,US,2021-10-01 00:33:01,41.3712,-73.414,58.01,81,75,6.91
156,Celestun,MX,2021-10-01 00:33:01,20.8667,-90.4,82.63,75,99,16.98
157,Orhei,MD,2021-10-01 00:33:01,47.3831,28.8231,35.89,49,6,3.11
158,Isangel,VU,2021-10-01 00:33:02,-19.55,169.2667,80.71,69,100,18.41
159,Neiafu,TO,2021-10-01 00:33:02,-18.65,-173.9833,81.28,69,75,12.66
160,Joshimath,IN,2021-10-01 00:33:03,30.5667,79.5667,66.04,88,42,1.28
161,Korla,CN,2021-10-01 00:33:03,41.7597,86.1469,65.39,24,36,2.55
162,Ponta Do Sol,PT,2021-10-01 00:32:31,32.6667,-17.1,72.23,69,7,8.28
163,Upernavik,GL,2021-10-01 00:33:04,72.7868,-56.1549,32.61,71,100,14.36
164,Umea,SE,2021-10-01 00:33:05,63.8284,20.2597,44.91,87,90,4.61
165,Kendari,ID,2021-10-01 00:29:30,-3.945,122.4989,77.27,91,100,2.51
166,Poirino,IT,2021-10-01 00:33:05,44.9208,7.8469,66.87,73,99,3.85
167,Cafarnaum,BR,2021-10-01 00:33:06,-11.6936,-41.4683,75.34,45,14,10.38
168,Buluang,PH,2021-10-01 00:33:06,13.3068,123.3425,83.41,83,100,4.56
169,Namatanai,PG,2021-10-01 00:33:07,-3.6667,152.4333,83.64,71,99,8.21
170,Huarmey,PE,2021-10-01 00:33:07,-10.0681,-78.1522,65.57,83,56,8.95
171,Leningradskiy,RU,2021-10-01 00:33:08,69.3833,178.4167,26.47,92,100,13.24
172,Dikson,RU,2021-10-01 00:33:09,73.5069,80.5464,32.34,85,100,23.09
173,Los Llanos De Aridane,ES,2021-10-01 00:33:09,28.6585,-17.9182,71.35,77,90,16.11
174,Tiznit,MA,2021-10-01 00:33:10,29.5833,-9.5,82.67,9,0,5.86
175,Pak Chong,TH,2021-10-01 00:33:11,14.708,101.4161,78.93,84,8,2.06
176,San Cristobal,VE,2021-10-01 00:33:11,7.7669,-72.225,69.98,99,58,1.86
177,Turayf,SA,2021-10-01 00:33:12,31.6725,38.6637,66.45,32,0,4.61
178,Pevek,RU,2021-10-01 00:33:13,69.7008,170.3133,27.72,80,100,9.01
179,Alice Springs,AU,2021-10-01 00:32:45,-23.7,133.8833,72.95,20,0,10.36
180,Tura,IN,2021-10-01 00:33:13,25.5198,90.2201,75.22,83,98,1.68
181,Karlstad,SE,2021-10-01 00:33:14,59.3793,13.5036,52.36,100,75,10.36
182,Gravdal,NO,2021-10-01 00:33:15,68.1214,13.5031,49.33,76,28,11.23
183,Port Hardy,CA,2021-10-01 00:33:15,50.6996,-127.4199,57.38,77,75,9.22
184,Raga,SS,2021-10-01 00:33:16,8.4596,25.678,71.67,85,86,2.62
185,Tabou,CI,2021-10-01 00:33:16,4.423,-7.3528,76.75,89,95,5.08
186,Camacupa,AO,2021-10-01 00:33:17,-12.0167,17.4833,65.41,70,96,4.21
187,Broken Hill,AU,2021-10-01 00:33:18,-31.95,141.4333,60.51,59,75,23.02
188,Sobolevo,RU,2021-10-01 00:33:18,54.4299,31.8996,37.63,91,58,5.66
189,Mezen,RU,2021-10-01 00:33:19,65.8522,44.24,44.24,95,100,3.87
190,Longyearbyen,SJ,2021-10-01 00:33:20,78.2186,15.6401,31.84,86,40,1.14
191,Mahebourg,MU,2021-10-01 00:33:20,-20.4081,57.7,72.25,78,40,12.66
192,Maningrida,AU,2021-10-01 00:33:21,-12.0667,134.2667,88.7,50,51,6.69
193,Padang,ID,2021-10-01 00:32:19,-0.9492,100.3543,73.45,78,100,2.24
194,Pangnirtung,CA,2021-10-01 00:33:21,66.1451,-65.7125,35.56,43,12,2.24
195,San Quintin,MX,2021-10-01 00:32:58,30.4833,-115.95,70.75,74,0,9.4
196,Treinta Y Tres,UY,2021-10-01 00:33:22,-33.2333,-54.3833,58.68,98,100,9.48
197,Vardo,NO,2021-10-01 00:33:23,70.3705,31.1107,47.05,71,85,15.93
198,Lompoc,US,2021-10-01 00:33:24,34.6391,-120.4579,87.94,50,1,9.22
199,Touros,BR,2021-10-01 00:28:31,-5.1989,-35.4608,77.9,81,4,14.85
200,Ouesso,CG,2021-10-01 00:33:24,1.6136,16.0517,69.03,99,100,0.31
201,Sakakah,SA,2021-10-01 00:33:25,29.9697,40.2064,78.37,29,0,9.55
202,Ostrovnoy,RU,2021-10-01 00:33:25,68.0531,39.5131,42.4,86,100,4.79
203,Gidam,IN,2021-10-01 00:33:26,18.9833,81.4,73.72,96,46,0.72
204,Muros,ES,2021-10-01 00:33:27,42.7762,-9.0603,59.23,89,100,3.18
205,Pacific Grove,US,2021-10-01 00:33:27,36.6177,-121.9166,87.15,53,1,3.0
206,Cockburn Town,TC,2021-10-01 00:31:15,21.4612,-71.1419,82.36,69,40,9.22
207,Avarua,CK,2021-10-01 00:33:27,-21.2078,-159.775,80.65,69,20,12.66
208,Sinnamary,GF,2021-10-01 00:33:28,5.3833,-52.95,79.77,82,97,10.27
209,Byron Bay,AU,2021-10-01 00:33:29,-28.65,153.6167,70.05,56,100,11.81
210,Itoman,JP,2021-10-01 00:33:29,26.1247,127.6694,84.58,65,20,19.57
211,Lugovoy,KZ,2021-10-01 00:33:30,42.9472,72.7644,42.58,56,8,3.42
212,Trincomalee,LK,2021-10-01 00:33:30,8.5711,81.2335,79.12,82,100,6.26
213,Katobu,ID,2021-10-01 00:33:31,-4.9408,122.5276,78.51,88,100,6.33
214,San Francisco,US,2021-10-01 00:25:50,37.7749,-122.4194,90.01,33,20,19.57
215,Vila,PT,2021-10-01 00:33:29,42.0304,-8.1588,51.33,88,100,2.04
216,Guerrero Negro,MX,2021-10-01 00:33:31,27.9769,-114.0611,70.41,63,0,13.29
217,Pleasanton,US,2021-10-01 00:33:32,37.6624,-121.8747,90.36,22,1,1.01
218,Port-Gentil,GA,2021-10-01 00:33:32,-0.7193,8.7815,77.52,86,100,15.7
219,Ulladulla,AU,2021-10-01 00:33:32,-35.35,150.4667,70.77,55,43,4.88
220,Tharad,IN,2021-10-01 00:33:33,24.3961,71.6267,77.77,87,100,7.43
221,Lomas De Sargentillo,EC,2021-10-01 00:33:33,-1.8833,-80.0833,82.26,60,41,7.9
222,Veraval,IN,2021-10-01 00:31:02,20.9,70.3667,80.47,87,100,12.35
223,Bandarbeyla,SO,2021-10-01 00:33:34,9.4942,50.8122,79.47,79,100,20.11
224,Alghero,IT,2021-10-01 00:33:34,40.5589,8.3181,66.99,94,0,2.3
225,Jalu,LY,2021-10-01 00:33:34,29.0331,21.5482,73.74,61,0,8.68
226,Puksoozero,RU,2021-10-01 00:33:35,62.5903,40.6066,44.82,94,100,3.22
227,Kamaishi,JP,2021-10-01 00:33:35,39.2667,141.8833,67.15,96,100,8.01
228,Wasilla,US,2021-10-01 00:33:35,61.5814,-149.4394,46.78,43,1,5.99
229,Praya,CV,2021-10-01 00:30:33,14.9215,-23.5087,79.34,83,20,11.5
230,Jardim,BR,2021-10-01 00:31:40,-21.4803,-56.1381,88.52,35,99,6.51
231,Puerto Baquerizo Moreno,EC,2021-10-01 00:32:45,-0.9,-89.6,69.67,90,73,9.84
232,Dolores,AR,2021-10-01 00:33:36,-36.3132,-57.6792,56.16,98,100,5.32
233,Taoudenni,ML,2021-10-01 00:30:44,22.6783,-3.9836,89.8,9,28,7.85
234,Thompson,CA,2021-10-01 00:33:37,55.7435,-97.8558,55.56,62,20,3.44
235,Glogow,PL,2021-10-01 00:33:37,51.6636,16.0845,48.58,67,100,6.26
236,Horizontina,BR,2021-10-01 00:33:37,-27.6258,-54.3078,70.2,87,100,11.61
237,Hovd,MN,2021-10-01 00:33:38,48.0056,91.6419,44.01,61,97,9.78
238,Aklavik,CA,2021-10-01 00:33:38,68.2191,-135.0107,32.72,94,70,4.47
239,Gat,IL,2021-10-01 00:29:31,31.61,34.7642,72.39,82,0,2.13
240,Mogadishu,SO,2021-10-01 00:33:38,2.0371,45.3438,78.01,87,100,14.45
241,Tiruvidaimarudur,IN,2021-10-01 00:33:39,10.996,79.4521,76.87,88,100,2.93
242,Vila Franca Do Campo,PT,2021-10-01 00:33:39,37.7167,-25.4333,71.2,90,26,2.46
243,Braila,RO,2021-10-01 00:33:39,45.2667,27.9833,46.96,57,0,5.95
244,Nikki,BJ,2021-10-01 00:33:40,9.9401,3.2108,72.5,91,99,3.18
245,Port Alfred,ZA,2021-10-01 00:33:03,-33.5906,26.891,60.98,91,0,9.06
246,Doka,SD,2021-10-01 00:33:40,13.5167,35.7667,73.54,81,52,4.47
247,Mwingi,KE,2021-10-01 00:33:40,-0.9344,38.0601,67.33,76,100,7.96
248,Ancud,CL,2021-10-01 00:33:41,-41.8697,-73.8203,44.13,64,100,5.3
249,Shangrao,CN,2021-10-01 00:33:41,28.4532,117.9686,80.49,73,0,0.69
250,Roald,NO,2021-10-01 00:33:41,62.5833,6.1333,57.34,58,10,16.11
251,Agadir,MA,2021-10-01 00:33:42,30.4202,-9.5982,70.25,28,0,6.67
252,Canelones,UY,2021-10-01 00:33:19,-34.6444,-56.2886,58.71,96,100,5.3
253,Hami,CN,2021-10-01 00:33:42,42.8,93.45,66.72,26,24,5.86
254,Flin Flon,CA,2021-10-01 00:33:42,54.7682,-101.865,54.21,50,8,6.64
255,Vitim,RU,2021-10-01 00:33:43,59.4511,112.5578,33.21,85,83,2.51
256,College,US,2021-10-01 00:33:43,64.8569,-147.8028,38.86,64,75,5.75
257,Saint-Georges,GD,2021-10-01 00:33:43,12.0564,-61.7485,82.08,83,20,5.75
258,Atasu,KZ,2021-10-01 00:33:44,48.6814,71.6433,36.82,73,91,10.29
259,Port Lincoln,AU,2021-10-01 00:30:23,-34.7333,135.8667,58.53,65,21,10.36
260,Viedma,AR,2021-10-01 00:33:44,-40.8135,-62.9967,58.66,26,53,9.69
261,Meadow Lake,US,2021-10-01 00:33:45,34.8014,-106.5436,58.48,90,100,2.62
262,Taltal,CL,2021-10-01 00:33:45,-25.4,-70.4833,62.87,63,0,5.46
263,Safaga,EG,2021-10-01 00:33:45,26.7292,33.9365,80.55,46,0,15.84
264,Uporovo,RU,2021-10-01 00:32:28,56.3109,66.2693,37.96,97,100,11.68
265,Bahia Blanca,AR,2021-10-01 00:33:46,-38.7196,-62.2724,55.72,38,5,9.08
266,Kempsey,AU,2021-10-01 00:33:46,-31.0833,152.8333,75.94,67,81,1.01
267,Savelugu,GH,2021-10-01 00:33:46,9.6244,-0.8253,75.33,85,100,2.77
268,Saskylakh,RU,2021-10-01 00:33:47,71.9167,114.0833,21.88,91,100,2.17
269,Ileza,RU,2021-10-01 00:33:47,61.0533,43.9002,42.03,97,96,3.8
270,Road Town,VG,2021-10-01 00:29:06,18.4167,-64.6167,82.49,69,20,3.44
271,Mahon,ES,2021-10-01 00:33:47,39.8885,4.2658,64.96,88,20,4.61
272,Along,IN,2021-10-01 00:33:48,28.1667,94.7667,74.34,97,64,0.51
273,Karaton,ID,2021-10-01 00:30:54,-6.3424,106.1045,82.96,77,100,5.95
274,Tongren,CN,2021-10-01 00:33:48,27.7172,109.1853,79.27,69,0,1.74
275,Naqadeh,IR,2021-10-01 00:33:49,36.9553,45.388,55.53,73,0,4.61
276,Kutum,SD,2021-10-01 00:33:11,14.2,24.6667,74.66,25,5,8.3
277,Mokhsogollokh,RU,2021-10-01 00:33:49,61.4681,128.9203,34.68,99,100,3.6
278,Carutapera,BR,2021-10-01 00:33:49,-1.195,-46.02,78.35,82,100,4.94
279,Vagur,FO,2021-10-01 00:33:50,61.4732,-6.8119,49.23,74,0,19.93
280,Klaksvik,FO,2021-10-01 00:33:50,62.2266,-6.589,49.12,81,20,18.57
281,Stornoway,GB,2021-10-01 00:33:50,58.2093,-6.3865,50.94,93,75,3.44
282,Iqaluit,CA,2021-10-01 00:33:51,63.7506,-68.5145,26.33,100,1,3.44
283,Banjar,ID,2021-10-01 00:33:52,-8.19,114.9675,83.91,63,9,5.91
284,Yei,SS,2021-10-01 00:33:52,4.095,30.6779,67.66,94,99,2.66
285,Bonthe,SL,2021-10-01 00:33:53,7.5264,-12.505,77.09,89,19,4.63
286,Shahr-E Kord,IR,2021-10-01 00:33:53,32.3256,50.8644,49.77,32,0,6.91
287,Pisco,PE,2021-10-01 00:32:57,-13.7,-76.2167,62.65,82,0,19.57
288,Sorland,NO,2021-10-01 00:33:54,67.667,12.6934,51.04,76,30,10.47
289,Tiksi,RU,2021-10-01 00:33:54,71.6872,128.8694,30.96,68,100,4.18
290,Pasighat,IN,2021-10-01 00:33:54,28.0667,95.3333,78.17,84,11,1.25
291,Beloha,MG,2021-10-01 00:33:55,-25.1667,45.05,66.63,97,5,4.21
292,Yushala,RU,2021-10-01 00:33:56,57.0761,64.2601,38.95,88,100,11.41
293,Gerede,TR,2021-10-01 00:33:56,40.8008,32.1969,36.95,94,4,0.25
294,Lasa,IT,2021-10-01 00:33:56,46.6166,10.7002,56.03,90,72,2.33
295,Naze,JP,2021-10-01 00:33:57,28.3667,129.4833,77.92,71,9,4.16
296,Ust-Nera,RU,2021-10-01 00:33:57,64.5667,143.2,27.21,71,100,5.93
297,Kankon,IN,2021-10-01 00:33:58,15.0167,74.0167,76.8,89,67,3.44
298,Dunedin,NZ,2021-10-01 00:32:31,-45.8742,170.5036,55.67,62,77,8.25
299,North Bend,US,2021-10-01 00:33:58,43.4065,-124.2243,68.23,87,90,9.22
300,Bereda,ES,2021-10-01 00:33:59,43.2686,-7.5406,55.58,100,100,1.9
301,Sandnessjoen,NO,2021-10-01 00:33:59,66.0217,12.6316,53.58,70,89,21.09
302,Kubuta,SZ,2021-10-01 00:34:00,-26.8833,31.4833,61.75,94,100,2.93
303,Adrar,MR,2021-10-01 00:34:00,20.5022,-10.0711,91.72,12,88,7.07
304,Razdolnoye,RU,2021-10-01 00:34:00,43.55,131.9167,52.21,56,99,11.41
305,Kawalu,ID,2021-10-01 00:34:01,-7.3817,108.2082,76.41,82,78,4.79
306,Kruisfontein,ZA,2021-10-01 00:34:02,-34.0033,24.7314,58.89,95,81,4.92
307,Rabo De Peixe,PT,2021-10-01 00:34:03,37.8,-25.5833,70.29,91,20,3.44
308,Salta,AR,2021-10-01 00:30:51,-24.7859,-65.4117,77.59,38,0,1.01
309,Churachandpur,IN,2021-10-01 00:34:03,24.3333,93.6667,67.28,97,41,0.67
310,Angren,UZ,2021-10-01 00:34:04,41.0167,70.1436,53.37,57,92,1.48
311,Petrozavodsk,RU,2021-10-01 00:34:05,61.7849,34.3469,42.26,87,99,2.24
312,Luderitz,NA,2021-10-01 00:34:05,-26.6481,15.1594,55.51,95,79,8.72
313,Nantucket,US,2021-10-01 00:30:06,41.2835,-70.0995,60.91,66,75,6.91
314,Mananjary,MG,2021-10-01 00:34:06,-21.2167,48.3333,67.01,91,8,5.35
315,Urucui,BR,2021-10-01 00:34:06,-7.2294,-44.5561,77.47,63,24,1.45
316,Doha,QA,2021-10-01 00:32:31,25.2867,51.5333,85.98,52,0,4.61
317,Mbaiki,CF,2021-10-01 00:34:07,3.8678,17.9892,69.44,100,100,0.58
318,Dauphin,CA,2021-10-01 00:34:08,51.1494,-100.0502,60.94,55,1,6.91
319,Sabang,ID,2021-10-01 00:29:30,5.8933,95.3214,79.21,81,100,4.65
320,Taunsa,PK,2021-10-01 00:34:09,30.7048,70.6505,88.52,48,1,7.76
321,Kasungu,MW,2021-10-01 00:34:09,-13.0333,33.4833,72.63,48,6,9.55
322,Ilukste,LV,2021-10-01 00:34:10,55.9775,26.2966,46.58,78,100,6.98
323,Puerto Del Rosario,ES,2021-10-01 00:34:10,28.5004,-13.8627,74.95,78,0,10.36
324,Talcahuano,CL,2021-10-01 00:30:48,-36.7167,-73.1167,53.28,71,0,4.61
325,Kloulklubed,PW,2021-10-01 00:34:11,7.0419,134.2556,86.5,79,100,14.25
326,Copiapo,CL,2021-10-01 00:32:46,-27.3667,-70.3333,67.48,37,0,1.25
327,Zakamensk,RU,2021-10-01 00:34:12,50.3741,103.2863,37.17,52,69,1.48
328,Ormara,PK,2021-10-01 00:34:13,25.2088,64.6357,81.93,76,100,21.97
329,Te Anau,NZ,2021-10-01 00:34:14,-45.4167,167.7167,56.39,58,24,5.12
330,Deep River,CA,2021-10-01 00:34:14,46.1001,-77.4995,49.75,71,67,3.89
331,Lat Yao,TH,2021-10-01 00:34:14,15.751,99.7893,81.19,83,1,5.55
332,Yingcheng,CN,2021-10-01 00:34:15,30.95,113.55,75.25,75,0,4.56
333,Sao Raimundo Das Mangabeiras,BR,2021-10-01 00:34:15,-7.0219,-45.4811,82.6,55,74,3.91
334,Dzaoudzi,YT,2021-10-01 00:34:16,-12.7887,45.2699,75.09,78,20,3.44
335,Newcastle,AU,2021-10-01 00:34:16,-32.9272,151.7765,77.18,55,0,6.91
336,Bonavista,CA,2021-10-01 00:34:17,48.6499,-53.1147,56.12,99,100,6.33
337,Deniliquin,AU,2021-10-01 00:34:18,-35.5333,144.9667,57.99,72,100,6.91
338,Port Blair,IN,2021-10-01 00:34:18,11.6667,92.75,82.49,80,57,9.1
339,Muisne,EC,2021-10-01 00:34:18,0.6,-80.0333,74.98,83,100,4.81
340,Kelvington,CA,2021-10-01 00:33:06,52.1667,-103.5343,62.26,24,6,8.37
341,Deqing,CN,2021-10-01 00:34:19,30.5448,119.9599,75.16,64,0,2.91
342,Puri,IN,2021-10-01 00:34:20,19.8,85.85,83.37,80,100,7.31
343,Cidreira,BR,2021-10-01 00:34:20,-30.1811,-50.2056,63.61,92,100,27.18
344,Imbituba,BR,2021-10-01 00:34:21,-28.24,-48.6703,67.89,89,100,11.65
345,Oksfjord,NO,2021-10-01 00:34:22,70.2396,22.3479,44.67,83,63,6.82
346,Cross Lanes,US,2021-10-01 00:34:22,38.4204,-81.7907,66.61,81,40,1.99
347,Tarauaca,BR,2021-10-01 00:34:23,-8.1614,-70.7656,73.87,92,100,1.28
348,Dalby,AU,2021-10-01 00:34:24,-27.1833,151.2667,72.3,62,87,23.35
349,Prince Rupert,CA,2021-10-01 00:32:15,54.3161,-130.3201,51.49,90,90,12.66
350,Bilibino,RU,2021-10-01 00:34:24,68.0546,166.4372,13.35,92,78,1.23
351,Sibiti,CG,2021-10-01 00:34:25,-3.6819,13.3499,71.26,86,100,3.38
352,Lagoa,PT,2021-10-01 00:33:32,39.05,-27.9833,70.12,86,20,4.52
353,Qasigiannguit,GL,2021-10-01 00:34:26,68.8193,-51.1922,28.65,76,100,5.41
354,Nishihara,JP,2021-10-01 00:34:26,26.1842,127.7558,83.86,65,20,19.57
355,Kasama,ZM,2021-10-01 00:34:27,-10.2129,31.1808,65.98,49,10,3.76
356,Tabuk,PH,2021-10-01 00:34:27,17.4189,121.4443,81.95,78,100,1.72
357,Chase,CA,2021-10-01 00:34:28,50.8165,-119.6857,55.71,93,100,3.6
358,Le Port,RE,2021-10-01 00:34:28,-20.9373,55.2919,71.56,76,11,7.7
359,Mayakonda,IN,2021-10-01 00:34:29,14.2833,76.0833,68.32,97,26,3.24
360,Genhe,CN,2021-10-01 00:34:29,50.7833,121.5167,36.72,68,93,4.72
361,Whyalla,AU,2021-10-01 00:34:29,-33.0333,137.5833,58.89,67,90,13.8
362,Harbin,CN,2021-10-01 00:34:30,45.75,126.65,48.15,57,0,6.38
363,Sohagpur,IN,2021-10-01 00:34:31,22.7,78.2,74.68,93,90,3.31
364,Okhotsk,RU,2021-10-01 00:34:31,59.3833,143.3,34.61,94,100,12.48
365,Jutai,BR,2021-10-01 00:34:31,-5.1833,-68.9,75.33,83,92,1.61
366,Ust-Koksa,RU,2021-10-01 00:34:31,50.2696,85.6108,37.83,97,75,2.37
367,Varhaug,NO,2021-10-01 00:34:32,58.6147,5.6457,53.15,84,100,26.84
368,Zaritap,AM,2021-10-01 00:34:32,39.6363,45.5096,49.39,79,30,5.14
369,Caravelas,BR,2021-10-01 00:34:33,-17.7125,-39.2481,73.4,88,0,5.5
370,Makasar,ID,2021-10-01 00:34:33,-5.14,119.4221,85.12,63,94,1.92
371,Ahtopol,BG,2021-10-01 00:34:33,42.1,27.95,52.27,69,100,16.33
372,Honiara,SB,2021-10-01 00:34:34,-9.4333,159.95,85.73,69,100,6.87
373,Jasper,US,2021-10-01 00:30:24,37.2001,-94.3502,74.64,87,40,1.01
374,Sao Gabriel Da Cachoeira,BR,2021-10-01 00:34:34,-0.1303,-67.0892,75.9,88,100,1.21
375,Walvis Bay,NA,2021-10-01 00:34:35,-22.9575,14.5053,54.09,87,0,3.44
376,Jambi,ID,2021-10-01 00:34:35,-1.6,103.6167,74.52,95,100,4.45
377,Arman,RU,2021-10-01 00:34:35,59.7,150.1667,36.39,87,100,17.0
378,Jawhar,SO,2021-10-01 00:34:36,2.7809,45.5005,75.9,87,100,9.01
379,Porto Novo,BJ,2021-10-01 00:34:36,6.4965,2.6036,80.42,92,83,4.23
380,Mahibadhoo,MV,2021-10-01 00:34:36,3.7833,72.9667,82.35,71,100,10.2
381,Manitouwadge,CA,2021-10-01 00:34:37,49.1215,-85.8403,54.32,78,100,4.72
382,Moose Factory,CA,2021-10-01 00:34:37,51.2585,-80.6094,44.6,93,20,0.0
383,Ocumare Del Tuy,VE,2021-10-01 00:34:37,10.1165,-66.7761,77.61,98,100,2.37
384,Ayan,RU,2021-10-01 00:32:30,56.45,138.1667,48.06,74,100,4.23
385,Catalina,US,2021-10-01 00:34:38,32.5056,-110.9211,80.46,44,97,1.01
386,Flinders,AU,2021-10-01 00:34:38,-34.5833,150.8552,67.28,77,100,1.01
387,Svetlyy,RU,2021-10-01 00:34:39,54.675,20.1347,46.45,75,84,7.81
388,Sainte-Maxime,FR,2021-10-01 00:34:39,43.3,6.6333,68.04,58,67,3.74
389,Haines Junction,CA,2021-10-01 00:34:39,60.7522,-137.5108,44.55,61,99,2.3
390,Luorong,CN,2021-10-01 00:34:40,24.4058,109.6086,83.17,73,20,1.23
391,Bressanone,IT,2021-10-01 00:34:40,46.715,11.656,59.49,91,93,0.96
392,Kahului,US,2021-10-01 00:34:40,20.8947,-156.47,84.22,78,75,17.27
393,Ambulu,ID,2021-10-01 00:34:41,-8.345,113.6058,81.27,70,48,3.71
394,Cayenne,GF,2021-10-01 00:30:10,4.9333,-52.3333,83.08,77,20,4.0
395,Camacha,PT,2021-10-01 00:34:41,33.0833,-16.3333,68.76,73,75,11.5
396,Lavrentiya,RU,2021-10-01 00:34:42,65.5833,-171.0,33.71,80,100,15.77
397,Tateyama,JP,2021-10-01 00:34:42,34.9833,139.8667,70.02,88,75,25.32
398,Pronsk,RU,2021-10-01 00:34:42,54.1048,39.6092,38.5,88,20,4.56
399,Udachnyy,RU,2021-10-01 00:34:02,66.4167,112.4,35.64,50,45,2.73
400,Banda Aceh,ID,2021-10-01 00:34:43,5.5577,95.3222,78.3,82,100,7.43
401,Baoying,CN,2021-10-01 00:34:43,33.2292,119.3092,75.38,69,0,5.77
402,Noumea,NC,2021-10-01 00:30:10,-22.2763,166.4572,82.38,99,24,15.61
403,Beecher,US,2021-10-01 00:34:43,43.09,-83.6944,62.49,82,1,3.44
404,Cookeville,US,2021-10-01 00:33:51,36.1628,-85.5016,74.19,95,1,0.0
405,Jieshi,CN,2021-10-01 00:34:44,22.8134,115.8257,87.94,75,2,9.53
406,Bud,US,2021-10-01 00:34:44,39.447,-86.1758,73.38,70,82,6.73
407,Juegang,CN,2021-10-01 00:31:38,32.3174,121.1855,75.96,63,0,1.97
408,West Wendover,US,2021-10-01 00:34:45,40.7391,-114.0733,65.41,15,1,6.91
409,Osmena,PH,2021-10-01 00:34:45,10.5208,119.9258,83.08,74,75,2.91
410,Wanaka,NZ,2021-10-01 00:31:33,-44.7,169.15,58.1,48,3,5.01
411,Kargopol,RU,2021-10-01 00:34:45,61.5071,38.9456,44.53,95,100,3.96
412,Olafsvik,IS,2021-10-01 00:34:46,64.8945,-23.7142,43.86,76,100,30.65
413,Saint-Augustin,CA,2021-10-01 00:34:01,51.226,-58.6502,46.51,92,100,24.47
414,Formosa,AR,2021-10-01 00:34:46,-26.1775,-58.1781,82.38,74,0,5.75
415,Manokwari,ID,2021-10-01 00:34:47,-0.8667,134.0833,83.79,68,23,4.41
416,Clyde River,CA,2021-10-01 00:34:47,70.4692,-68.5914,33.31,74,100,6.69
417,Namie,JP,2021-10-01 00:34:47,37.4833,141.0,67.71,95,100,6.69
418,Nouadhibou,MR,2021-10-01 00:34:47,20.931,-17.0347,73.38,83,74,16.11
419,Avera,US,2021-10-01 00:34:48,33.194,-82.5271,77.72,61,100,3.0
420,Khani,GE,2021-10-01 00:34:48,41.9563,42.9566,51.37,93,98,3.11
421,Karratha,AU,2021-10-01 00:34:49,-20.7377,116.8463,82.15,36,3,12.19
422,Kainantu,PG,2021-10-01 00:34:49,-6.2887,145.8655,72.14,72,100,3.62
423,Southbury,US,2021-10-01 00:31:33,41.4815,-73.2132,58.08,73,90,9.22
424,Casper,US,2021-10-01 00:33:01,42.8666,-106.3131,61.72,46,1,1.01
425,Sambava,MG,2021-10-01 00:34:50,-14.2667,50.1667,67.26,87,7,8.7
426,Hasaki,JP,2021-10-01 00:34:50,35.7333,140.8333,68.4,96,100,32.06
427,Rio Grande,BR,2021-10-01 00:30:35,-32.035,-52.0986,62.94,96,100,28.43
428,Singleton,AU,2021-10-01 00:34:50,-32.5667,151.1833,76.98,62,100,1.99
429,Beringovskiy,RU,2021-10-01 00:34:51,63.05,179.3167,30.56,78,100,17.74
430,Portales,US,2021-10-01 00:34:51,34.1862,-103.3344,61.48,81,100,1.99
431,Marzuq,YE,2021-10-01 00:34:52,14.4,46.4667,74.8,45,90,3.65
432,Samana,DO,2021-10-01 00:34:52,19.2056,-69.3369,76.96,88,100,5.14
433,Vao,NC,2021-10-01 00:34:52,-22.6667,167.4833,70.65,86,17,22.21
434,Arlit,NE,2021-10-01 00:34:53,18.7369,7.3853,86.07,11,8,12.17
435,Chulym,RU,2021-10-01 00:34:53,55.0997,80.9572,33.3,95,91,6.82
436,Meulaboh,ID,2021-10-01 00:34:53,4.1363,96.1285,77.0,90,100,6.89
437,Minab,IR,2021-10-01 00:34:54,27.1467,57.0801,83.7,59,44,2.59
438,Yarada,IN,2021-10-01 00:34:54,17.65,83.2667,77.32,100,20,2.3
439,Raudeberg,NO,2021-10-01 00:34:54,61.9875,5.1352,56.07,87,100,1.01
440,Fairbanks,US,2021-10-01 00:30:03,64.8378,-147.7164,39.09,64,90,3.44
441,Gizo,SB,2021-10-01 00:34:55,-8.103,156.8419,84.31,70,100,7.96
442,Sola,VU,2021-10-01 00:34:55,-13.8833,167.55,83.07,79,90,11.5
443,Alofi,NU,2021-10-01 00:34:55,-19.0595,-169.9187,80.49,69,75,14.97
444,Albesti,RO,2021-10-01 00:34:56,47.7,27.0667,46.17,55,7,5.73
445,Matagami,CA,2021-10-01 00:34:33,49.7502,-77.6328,46.51,100,90,3.44
446,Calama,CL,2021-10-01 00:34:57,-22.4667,-68.9333,55.24,31,0,2.1
447,Denton,US,2021-10-01 00:29:13,33.2001,-97.1336,80.37,83,90,10.36
448,Callaway,US,2021-10-01 00:34:57,30.153,-85.5699,80.94,78,90,1.01
449,Elko,US,2021-10-01 00:34:58,41.0002,-115.5012,68.02,12,0,6.44
450,Vangaindrano,MG,2021-10-01 00:34:58,-23.35,47.6,66.58,94,18,4.74
451,Lobez,PL,2021-10-01 00:34:59,53.6392,15.6213,47.32,90,100,8.19
452,Sabha,LY,2021-10-01 00:34:59,27.0377,14.4283,72.43,37,5,9.75
453,Vanavara,RU,2021-10-01 00:35:00,60.34,102.2797,32.65,76,44,3.42
454,Kanchanaburi,TH,2021-10-01 00:35:01,14.6333,99.1,79.63,87,87,1.3
455,Conil,FR,2021-10-01 00:35:01,44.9673,3.7177,38.1,70,3,3.33
456,Petropavlovsk-Kamchatskiy,RU,2021-10-01 00:35:02,53.0452,158.6483,46.99,81,75,11.18
457,Sovetskiy,RU,2021-10-01 00:35:02,61.3614,63.5842,30.74,94,14,7.67
458,Puyo,EC,2021-10-01 00:35:03,-1.4667,-77.9833,66.02,98,100,3.29
459,Comodoro Rivadavia,AR,2021-10-01 00:32:56,-45.8667,-67.5,42.66,75,0,8.05
460,Oranjemund,NA,2021-10-01 00:35:05,-28.55,16.4333,56.25,93,46,5.73
461,Mamlyutka,KZ,2021-10-01 00:35:05,54.9375,68.5394,33.84,64,100,10.54
462,Beira,MZ,2021-10-01 00:35:06,-19.8436,34.8389,71.69,88,20,6.91
463,Pringsewu,ID,2021-10-01 00:35:07,-5.3582,104.9744,77.59,87,100,6.15
464,Tamiahua,MX,2021-10-01 00:35:07,21.2667,-97.45,80.83,85,35,7.9
465,Yar-Sale,RU,2021-10-01 00:35:08,66.8333,70.8333,34.09,86,100,19.82
466,Baykit,RU,2021-10-01 00:35:08,61.67,96.37,34.77,80,99,2.77
467,Mount Isa,AU,2021-10-01 00:35:09,-20.7333,139.5,83.97,17,5,16.11
468,Maniitsoq,GL,2021-10-01 00:35:05,65.4167,-52.9,35.58,58,100,5.68
469,Gold Coast,AU,2021-10-01 00:31:07,-28.0,153.4333,71.2,77,100,5.01
470,Tongchuan,CN,2021-10-01 00:35:09,35.0806,109.0897,72.0,68,83,1.43
471,Jiaocheng,CN,2021-10-01 00:35:10,24.6774,116.1389,83.16,75,35,0.6
472,Churapcha,RU,2021-10-01 00:35:11,62.0025,132.4325,35.01,96,100,3.33
473,Verkhnetulomskiy,RU,2021-10-01 00:35:11,68.6073,31.7962,41.13,77,100,4.38
474,Kalmunai,LK,2021-10-01 00:35:12,7.4167,81.8167,78.49,84,100,1.95
475,Cabra,ES,2021-10-01 00:35:12,37.4725,-4.4421,70.9,66,9,3.67
476,Maumere,ID,2021-10-01 00:35:13,-8.6199,122.2111,84.97,61,10,2.3
477,Beidao,CN,2021-10-01 00:35:13,34.5686,105.8933,67.69,78,0,0.58
478,Progreso,MX,2021-10-01 00:35:14,21.2833,-89.6667,93.31,78,12,14.79
479,Liku,ID,2021-10-01 00:35:14,-0.7275,119.8922,82.0,78,100,0.58
480,Baixa Grande,BR,2021-10-01 00:35:15,-11.9597,-40.1681,73.29,75,1,8.34
481,Howard Springs,AU,2021-10-01 00:35:15,-12.497,131.047,88.99,72,95,3.85
482,Mount Gambier,AU,2021-10-01 00:35:16,-37.8333,140.7667,55.31,94,90,20.71
483,Emerald,AU,2021-10-01 00:35:17,-23.5333,148.1667,73.54,83,75,12.66
484,Dongsheng,CN,2021-10-01 00:35:17,39.8161,109.9776,61.0,24,7,10.42
485,Inirida,CO,2021-10-01 00:35:18,3.8653,-67.9239,73.8,96,93,2.86
486,Nioro,GM,2021-10-01 00:35:18,13.35,-15.75,76.39,92,9,5.7
487,Ahipara,NZ,2021-10-01 00:35:19,-35.1667,173.1667,60.67,53,0,6.15
488,Menongue,AO,2021-10-01 00:35:20,-14.6585,17.691,69.93,51,100,6.42
489,Awbari,LY,2021-10-01 00:35:20,26.5921,12.7805,72.07,36,0,7.27
490,Cambridge,CA,2021-10-01 00:32:22,43.3601,-80.3127,55.24,80,0,6.6
491,Riberalta,BO,2021-10-01 00:35:20,-10.9833,-66.1,79.88,66,100,3.06
492,Abu Samrah,SY,2021-10-01 00:35:21,35.3029,37.1841,66.79,68,0,3.38
493,Poum,NC,2021-10-01 00:35:22,-20.2333,164.0167,75.51,81,62,24.58
494,Mnogovershinnyy,RU,2021-10-01 00:35:22,53.9353,139.9242,45.43,77,34,7.07
495,Takoradi,GH,2021-10-01 00:35:23,4.8845,-1.7554,76.1,90,84,7.45
496,Hervey Bay,AU,2021-10-01 00:35:23,-25.2986,152.8535,69.04,89,100,6.55
497,Kysyl-Syr,RU,2021-10-01 00:35:24,63.8986,122.7617,33.82,51,17,6.29
498,Zambezi,ZM,2021-10-01 00:35:24,-13.5432,23.1047,71.96,51,85,2.64
499,Den Helder,NL,2021-10-01 00:35:24,52.9599,4.7593,59.99,74,90,25.01
500,San Vicente,AR,2021-10-01 00:35:25,-26.6167,-54.1333,69.91,71,36,2.64
501,Kattivakkam,IN,2021-10-01 00:35:26,13.2167,80.3167,80.69,74,8,4.79
502,Toktogul,KG,2021-10-01 00:35:26,41.8708,72.9402,58.87,57,48,2.55
503,Khromtau,KZ,2021-10-01 00:35:27,50.2503,58.4347,35.69,60,5,7.9
504,Velyka Oleksandrivka,UA,2021-10-01 00:35:27,47.3197,33.3037,46.69,56,0,8.32
505,Iracoubo,GF,2021-10-01 00:35:28,5.4802,-53.2011,81.34,77,92,10.71
506,Awjilah,LY,2021-10-01 00:35:28,29.1081,21.2869,73.67,61,0,7.47
507,Dingle,PH,2021-10-01 00:34:47,10.9995,122.6711,83.91,76,75,2.1
508,Nyurba,RU,2021-10-01 00:35:29,63.2842,118.3319,32.7,54,85,4.5
509,Namibe,AO,2021-10-01 00:33:47,-15.1961,12.1522,59.77,85,5,3.67
510,Moncton,CA,2021-10-01 00:35:29,46.1159,-64.8019,52.39,96,75,3.44
511,Kaili,ID,2021-10-01 00:35:30,-3.4626,120.2147,73.15,88,95,2.46
512,Saint George,US,2021-10-01 00:35:30,37.1041,-113.5841,79.27,15,1,4.0
513,Chipinge,ZW,2021-10-01 00:35:30,-20.1883,32.6236,56.64,80,0,3.24
514,Portland,US,2021-10-01 00:33:46,45.5234,-122.6762,61.84,92,75,1.99
515,Elliot,ZA,2021-10-01 00:35:31,-31.3333,27.85,52.2,87,63,6.38
516,Kamenka,RU,2021-10-01 00:35:31,51.3223,42.7678,40.62,79,21,4.94
517,Hambantota,LK,2021-10-01 00:35:32,6.1241,81.1185,79.14,94,75,4.61
518,Dunmanway,IE,2021-10-01 00:35:32,51.7167,-9.1167,55.98,86,77,20.47
519,Kieta,PG,2021-10-01 00:35:33,-6.2167,155.6333,81.1,81,100,4.36
520,Teya,RU,2021-10-01 00:35:33,60.3778,92.6267,36.12,99,100,2.39
521,Bubaque,GW,2021-10-01 00:35:33,11.2833,-15.8333,82.56,77,39,8.43
522,Coihaique,CL,2021-10-01 00:35:34,-45.5752,-72.0662,42.75,52,75,6.91
523,Voh,NC,2021-10-01 00:35:34,-20.9667,164.7,83.53,56,69,8.03
524,Rabat,MA,2021-10-01 00:35:35,33.9911,-6.8401,67.41,99,75,0.0
525,Whitehorse,CA,2021-10-01 00:30:38,60.7161,-135.0538,43.57,83,75,15.01
526,Skjervoy,NO,2021-10-01 00:35:35,70.0311,20.9714,47.12,75,46,11.81
527,Zhangjiakou,CN,2021-10-01 00:34:38,40.81,114.8794,54.64,32,9,4.21
528,San Matias,BO,2021-10-01 00:35:36,-16.3667,-58.4,90.84,31,54,4.7
529,Ketchikan,US,2021-10-01 00:34:43,55.3422,-131.6461,54.07,82,75,6.91
530,Gra Liyia,GR,2021-10-01 00:35:36,35.0167,25.6833,71.13,56,1,15.01
531,Tucurui,BR,2021-10-01 00:35:36,-3.7661,-49.6725,77.41,76,95,3.36
532,Bauchi,NG,2021-10-01 00:35:37,10.5,10.0,73.56,78,17,3.44
533,Nyimba,ZM,2021-10-01 00:35:37,-14.5566,30.8149,74.77,51,0,9.89
534,Zhigansk,RU,2021-10-01 00:35:38,66.7697,123.3711,35.29,45,17,6.35
535,Mitsamiouli,KM,2021-10-01 00:35:38,-11.3847,43.2844,75.69,82,6,9.33
536,Asau,RO,2021-10-01 00:35:39,46.4333,26.4,43.75,85,41,2.35
537,Quanzhou,CN,2021-10-01 00:35:39,24.9139,118.5858,82.35,72,4,1.74
538,Rawson,AR,2021-10-01 00:35:39,-43.3002,-65.1023,51.1,59,2,14.41
539,Maxcanu,MX,2021-10-01 00:35:40,20.5833,-89.9833,93.18,67,97,7.49
540,Tumpat,MY,2021-10-01 00:35:40,6.1978,102.171,78.93,88,20,3.44
541,Kapuskasing,CA,2021-10-01 00:35:40,49.4169,-82.4331,51.89,76,20,3.44
542,Oktyabrskiy,RU,2021-10-01 00:35:41,54.4815,53.471,42.78,86,100,5.03
543,Ojinaga,MX,2021-10-01 00:35:01,29.5667,-104.4167,85.41,34,40,18.41
544,Nova Londrina,BR,2021-10-01 00:35:41,-22.7658,-52.985,83.5,36,14,9.26
545,Sao Jose Da Coroa Grande,BR,2021-10-01 00:35:42,-8.8978,-35.1478,75.38,88,35,9.24
546,Cascais,PT,2021-10-01 00:35:42,38.6979,-9.4215,64.26,66,100,11.99
547,Songjianghe,CN,2021-10-01 00:35:42,42.1859,127.479,54.21,67,19,3.56
548,Bela,IN,2021-10-01 00:35:43,25.9333,81.9833,75.2,93,6,6.31
549,Kamina,CD,2021-10-01 00:35:43,-8.7386,24.9906,64.9,91,100,5.48
550,Dunda,TZ,2021-10-01 00:35:43,-8.1167,34.25,65.89,59,3,2.98
551,Krotoszyn,PL,2021-10-01 00:35:44,51.6987,17.4374,48.11,65,93,6.98
552,Marquette,US,2021-10-01 00:31:06,46.5333,-87.6335,61.77,85,98,3.62
553,Jinchang,CN,2021-10-01 00:35:44,38.4953,102.1739,65.52,18,0,3.02
554,Przhevalskoye,RU,2021-10-01 00:35:44,55.5093,31.8482,36.91,95,60,4.47
555,Conceicao Do Araguaia,BR,2021-10-01 00:35:45,-8.2578,-49.2647,80.01,52,85,3.11
